Time (s),Set Temperature (Â°C),Current Temperature (Â°C),Output Current (A),Light Intensity (%)
1.688601016998291,150.0,41.26603570678573,163.1009464398214,0.5436698214660713,8155.04732199107,3000
3.3650121688842773,150.0,47.526177521398346,153.71073371790249,1.0560389338590794,-469.5106360959467,0
5.176013946533203,150.0,52.29720903986099,146.55418644020853,1.5445528886597746,-357.82736388469766,0
7.30376935005188,150.0,53.968685072368245,144.04697239144764,2.0247094632979334,-125.36070243804431,207.10979416701264
8.97645902633667,150.0,54.37815405587058,143.43276891619414,2.5028186930185807,-30.710173762675197,1152.2541384653753
10.642473936080933,150.0,55.26550965681141,142.1017355147829,2.9764911447345237,-66.55167007056271,785.265565889547
12.284770727157593,150.0,56.25553160316217,140.61670259525675,3.4452134867187127,-74.25164597630634,698.1027010566912
14.001421451568604,150.0,56.938477013195154,139.59228448020727,3.910521101652737,-51.22090575247391,922.8189982938609
15.660008192062378,150.0,57.689878927334,138.465181608999,4.372071707016067,-56.35514356041398,864.8210975560107
17.325336933135986,150.0,58.54395084016649,137.18407373975026,4.829351952815235,-64.05539346243607,779.5803223012944
19.05146074295044,150.0,59.329890786798984,136.0051638198015,5.28270249888124,-58.94549599743719,823.4237032124555
20.712292909622192,150.0,60.01346789001007,134.97979816498489,5.732635159431189,-51.26828274083195,894.4415058358413
22.37527632713318,150.0,60.79975539869356,133.80036690195965,6.1786363824377215,-58.97156315126146,810.0744013313591
24.08602547645569,150.0,61.586229002041634,132.62065649693756,6.620705237427513,-58.98552025110533,802.5584148325972
25.756331205368042,150.0,62.23606504385546,131.6459024342168,7.059524912208236,-48.73770313603707,899.6772421038797
27.498181104660034,150.0,63.02287881346036,130.46568177980947,7.494410518140934,-59.011032720366785,789.4905957758363
29.187554597854614,150.0,63.77565777084513,129.3365133437323,7.925532229286708,-56.45842180385827,808.0362376916073
31.113683700561523,150.0,64.52860745079259,128.20708882381112,8.352889192032745,-56.471225996059715,800.8875201978414
32.79313898086548,150.0,65.14478425384817,127.28282361922774,8.777165270763504,-46.21326022916854,898.467286608227
34.56964612007141,150.0,65.8980446362676,126.1529330455986,9.197675047582166,-56.49452868145701,788.5607941172375
36.574368715286255,150.0,66.68572701849219,124.97140947226171,9.614246412489706,-59.076178666844115,755.0947721790731
38.38349223136902,150.0,67.3023045946715,124.04654310799276,10.02773488951635,-46.24331821344825,878.3095978406086
40.23654508590698,150.0,67.98752525962657,123.01871211056016,10.437797263218217,-51.391549871630104,820.6495950214827
42.127052783966064,150.0,68.70715939016871,121.93926091474694,10.844261466267373,-53.97255979066102,788.1096259035328
43.89860463142395,150.0,69.32411300354431,121.01383049468353,11.247640901249651,-46.27152100316998,859.8995039276319
45.6120810508728,150.0,69.94118147717265,120.08822778424103,11.647934993863789,-46.28013552212522,854.560272559796
47.29516959190369,150.0,70.59265621277535,119.11101568083697,12.044971712799912,-48.86060517020283,822.9538222343405
48.98251461982727,150.0,71.17566326194842,118.23650510707738,12.43909339649017,-43.725528687979676,869.5006981558788
50.68805480003357,150.0,71.8959901317957,117.15601480230646,12.829613445831193,-54.0245152385463,759.6111300959136
52.383349895477295,150.0,72.4106052586196,116.3840921120706,13.217560419538094,-38.59613451179236,910.0551801981634
54.057544469833374,150.0,73.0282489973413,115.45762650398805,13.602419174551388,-46.32328040412723,827.3676527441221
55.785669565200806,150.0,73.64600798226729,114.53098802659906,13.98418913464005,-46.33192386944991,821.832532917892
57.501025676727295,150.0,74.22955290194831,113.65567064707753,14.36304137013031,-43.765868976076305,842.5284304113153
59.18492293357849,150.0,74.74453093691626,112.8832035946256,14.739318715445728,-38.623352622596485,889.9916968747484
60.90450119972229,150.0,75.36261038898745,111.95608441651882,15.11250566350079,-46.35595890533892,807.126311746807
62.613736152648926,150.0,75.98080533138058,111.02879200292912,15.482601636843889,-46.36462067948486,801.4677296028816
64.29252552986145,150.0,76.46170350652503,110.30744474021246,15.850293119311264,-36.067363135833475,900.9037472369025
66.02411150932312,150.0,77.04574531222653,109.4313820316602,16.215064392750133,-43.803135427612716,818.4331099679763
67.74420762062073,150.0,77.62989028982578,108.55516456526132,16.576914941301006,-43.810873319943866,813.2120618661845
69.43382215499878,150.0,78.11102836643711,107.83345745034433,16.93635979946882,-36.08535574584977,886.8446150396337
71.191166639328,150.0,78.69536162186809,106.95695756719786,17.29288299135948,-43.82499415732326,804.2484640123407
72.9212715625763,150.0,79.21103559407761,106.18344660888357,17.64682781338909,-38.6755479157145,851.5472650655817
74.61245536804199,150.0,79.76117654122552,105.35823518816171,17.998021930682963,-41.2605710360932,820.9568608275149
76.42616057395935,150.0,80.24262502260551,104.63606246609174,18.346808805569935,-36.10863610349888,868.742351681628
78.64564085006714,150.0,80.93053030645869,103.60420454031197,18.69215615403764,-51.592896288988754,707.0346440536084
80.45768356323242,150.0,81.34334225644945,102.98498661532582,19.035439442755393,-30.960896249306558,910.5952980877465
82.28757619857788,150.0,81.82502142675443,102.26246785986835,19.376314335621622,-36.12593777287394,855.1284442261602
84.13026189804077,150.0,82.444426483439,101.3333602748415,19.714092203204427,-46.45537925134278,745.9207322670316
85.87042379379272,150.0,82.78859062469033,100.8171140629645,20.050149250080974,-25.812310593849475,950.5495271919601
87.62297439575195,150.0,83.37375202980411,99.93937195529384,20.383280489931952,-43.88710538353351,764.3554706169227
89.40434002876282,150.0,83.85572756972873,99.21640864540691,20.714001852083307,-36.14816549434643,837.8224500314378
91.1477575302124,150.0,84.20003891604078,98.69994162593883,21.0430016575031,-25.823350973404047,939.1959231003789
92.93422555923462,150.0,84.85432947691793,97.71850578462312,21.36873001011851,-49.07179206578576,700.1544372895587
94.90839982032776,150.0,85.26763248966334,97.098551265505,21.692391847670194,-30.99772595590622,877.9321715726896
96.57386803627014,150.0,85.61209123008453,96.5818631548732,22.01433139151977,-25.834405531589155,927.6178901480382
98.25381207466125,150.0,86.1288468039396,95.80672979409061,22.333687157500073,-38.75666803912985,793.8374891246083
100.00438189506531,150.0,86.57676714491583,95.13484928262625,22.650803321775495,-33.594025573217934,841.9162703118382
101.68482780456543,150.0,86.95582419653483,94.56626370519774,22.96602420079282,-28.429278871425012,891.0300903456555
103.39850354194641,150.0,87.3693906917126,93.9459139624311,23.279177247334257,-31.0174871383321,862.0760407143326
105.07863998413086,150.0,87.85195052311748,93.22207421532377,23.58991749471867,-36.19198735536635,806.2000435467609
106.75259280204773,150.0,88.23115424618162,92.65326863072758,23.898761723487763,-28.440279229810272,881.1175112440508
108.46450734138489,150.0,88.67936036228015,91.98095945657977,24.205364921676363,-33.615458707389934,825.7086567086619
110.17023134231567,150.0,89.09314320287405,91.36028519568893,24.50989920566199,-31.03371304454221,848.3647135680872
111.83983850479126,150.0,89.47248979683134,90.79126530475298,24.812536756677833,-28.450994546797048,871.5280751463376
113.53934144973755,150.0,89.92086482397379,90.11870276403931,25.112932432557965,-33.62812703568352,816.0350816091376
115.2551908493042,150.0,90.33480364367013,89.4977945344948,25.411258414339613,-31.04541147722557,838.6364147160884
116.93277478218079,150.0,90.71429327012885,88.92856009480673,25.707686947988968,-28.461721984404065,861.7452505839163
118.6693913936615,150.0,91.09382663324426,88.3592600501336,26.002217814822746,-28.465002233656023,858.9647563130031
120.50562262535095,150.0,91.50791292862004,87.73813060706993,26.294678250179647,-31.056472153183634,829.7633670406594
122.18187618255615,150.0,91.88753778999518,87.16869331500723,26.58524056122967,-28.47186460313509,852.8206927310181
123.91358661651611,150.0,92.23268929382967,86.6509660592555,26.874077114760524,-25.886362787586492,876.3868038642953
125.61612510681152,150.0,92.64691887820865,86.02962168268702,27.16084252036948,-31.067218828424004,821.2324537463251
127.28743386268616,150.0,92.92310090101498,85.61534864847754,27.446227015864405,-20.713651710474323,923.4792395386762
129.01573777198792,150.0,93.37194612936938,84.94208080594593,27.72936728521756,-33.66339212658005,790.0805596458345
130.7487075328827,150.0,93.7172533570301,84.42411996445485,28.01078101843241,-25.89804207455444,865.3685890833282
132.42038226127625,150.0,94.02806085112734,83.957908723309,28.290640714176774,-23.310562057292472,889.3798738019331
134.1413779258728,150.0,94.44251652641908,83.33622521037137,28.568428131544678,-31.084175646881107,808.2047769503494
135.8649504184723,150.0,94.787936150937,82.81809577359451,28.844488450789992,-25.906471838843714,857.5611238554079
137.5384020805359,150.0,95.1333920559254,82.29991191611191,29.118821490510364,-25.90919287412987,855.095405324924
139.2673671245575,150.0,95.47888425281806,81.7816736207729,29.391427069246273,-25.911914766949806,852.6118592306938
141.00529980659485,150.0,95.82441275305555,81.26338087041667,29.662305005480995,-25.91463751781191,850.1104835808576
142.6843981742859,150.0,96.1699775680844,80.74503364787338,29.931455117640574,-25.91736112716383,847.5912763835014
144.41366958618164,150.0,96.44645557445291,80.33031663832062,30.19922283976831,-20.735850477637996,897.9368900045095
146.22831678390503,150.0,96.8612161883313,79.70817571750305,30.464916758826654,-31.107046040878927,790.6604643545079
147.90861582756042,150.0,97.1723209976189,79.24151850357165,30.72905515383856,-23.332860696569924,866.3771296084029
149.6336088180542,150.0,97.48345525809283,78.77481711286075,30.991637877548094,-23.335069535545117,864.3138545486373
151.36023664474487,150.0,97.82919454364307,78.2562081845354,31.252491904829878,-25.930446416267827,835.7825367309745
153.04428505897522,150.0,98.1058121660671,77.84128175089936,31.51196284399954,-20.746321681802016,886.0692291309688
154.77032804489136,150.0,98.45161694622607,77.3225745806609,31.76970475926841,-25.935358511922857,831.5692082800645
156.56154251098633,150.0,98.76287237173463,76.85569144239805,32.02589039740974,-23.3441569131422,855.374249266656
158.25673246383667,150.0,99.03956862119861,76.44064706820208,32.28069255430375,-20.752218709798598,879.6912091270724
160.00741744041443,150.0,99.35087976461003,75.97368035308496,32.5339381554807,-23.348335755856198,851.5928275270946
161.74054598808289,150.0,99.69681564572596,75.45477653141106,32.78545407725207,-25.945191083695107,822.9503952496802
163.42525434494019,150.0,99.93899244564629,75.09151133153057,33.035759115023836,-18.163259994024727,899.6401045252968
165.16549634933472,150.0,100.28499028740057,74.57251456889914,33.284334163586834,-25.949838131571212,819.0701060091476
166.8711977005005,150.0,100.56181481360346,74.1572777795948,33.531525089518816,-20.761839465216525,869.269634038971
168.56116437911987,150.0,100.83866268202353,73.74200597696472,33.777331776108696,-20.763590131504728,867.5574762156868
170.2832293510437,150.0,101.11553389856597,73.32669915215104,34.021754106615866,-20.765341240683455,865.8311201808345
171.9652979373932,150.0,101.4270419328362,72.8594371007457,34.26461889695169,-23.363102570267458,837.6095342742992
173.64238595962524,150.0,101.70396278375985,72.44405582436022,34.506099083032886,-20.76906381927337,861.8109108811974
175.47286558151245,150.0,101.94628769602492,72.0805684559626,34.74636764455276,-18.174368419880693,886.5256768063467
177.1647434234619,150.0,102.29249718373332,71.56125422440002,34.9849051586341,-25.965711578129458,805.8044780490466
178.87655401229858,150.0,102.50024040999502,71.24963938500747,35.222403956584124,-15.580741969627354,908.9130137196423
180.6060996055603,150.0,102.7772518394336,70.8341222408496,35.45851769738695,-20.775857207894077,855.1678273034247
182.2919158935547,150.0,103.05428665840529,70.41857001239207,35.693246264094924,-20.77761142287642,853.3420485361057
184.00536847114563,150.0,103.33134487283515,70.00298269074727,35.92658953973075,-20.779366082239292,851.5020614823873
185.77869415283203,150.0,103.57379000670849,69.63931498993726,36.158720589697204,-18.183385040500966,876.146505391335
187.4566671848297,150.0,103.85089210360306,69.22366184459541,36.38946612917919,-20.782657267092475,848.3047070668213
189.14339542388916,150.0,104.12801761300639,68.80797358049041,36.61882604111416,-20.78441320525002,846.4238641635455
190.863205909729,150.0,104.30123294818527,68.54815057772208,36.847319876373234,-12.991150138416074,924.0432031567924
192.5607988834381,150.0,104.64769106783068,68.02846339825399,37.07408142103408,-25.984358973405364,791.181858458827
194.3358235359192,150.0,104.85558351106022,67.71662473340967,37.29980350347878,-15.591933242215461,894.24494994673
196.08771681785583,150.0,105.09814135513925,67.35278796729114,37.52431279670308,-18.191838305927277,866.8526245806693
197.77963948249817,150.0,105.37537229431847,66.9369415585223,37.747435935231486,-20.792320438441436,838.9205705531236
199.46396327018738,150.0,105.65262667868272,66.52105998197592,37.96917280183807,-20.79407882731914,836.9615395649486
201.19277358055115,150.0,105.86058285643676,66.20912571534485,38.189869887555886,-15.596713331553147,888.022822713476
202.88558912277222,150.0,106.06855222796402,65.89717165805396,38.409527126416066,-15.59770286454416,887.0899591992587
204.63141131401062,150.0,106.3458652513226,65.48120212301609,38.627797800159456,-20.798476751894057,833.1052317128149
206.3700680732727,150.0,106.55386541809017,65.16920187286475,38.84502847306901,-15.60001250756713,884.1421783836663
208.04921984672546,150.0,106.83121951088964,64.75317073366554,39.060872375514556,-20.801556959960266,830.1248614921983
209.72496223449707,150.0,107.03925048658118,64.44112427012823,39.27567612308165,-15.602323176865696,881.1447721634419
211.43782687187195,150.0,107.21261972234086,64.18107041648871,39.489613024469946,-13.002692681975958,906.6799075898269
213.12369203567505,150.0,107.49002958143596,63.76495562784606,39.70216287656277,-20.805739432132597,826.6137907227624
214.79832530021667,150.0,107.73278247758195,63.400826283627076,39.913498964174856,-18.20646721094903,851.0785803685291
216.50639605522156,150.0,107.90618841683909,63.14071737474137,40.12396802209066,-13.005445444285257,902.5923995254676
218.18124055862427,150.0,108.14897215371494,62.776541769427595,40.33322316132208,-18.208780265688773,849.009846650609
219.85879158973694,150.0,108.35708682268833,62.464369765967504,40.54143772720864,-15.608600173004561,873.9720732017158
221.57036066055298,150.0,108.56521471562661,62.152177926560086,40.748611653630505,-15.609591970370928,872.9119760981966
223.24890041351318,150.0,108.80804730770672,61.78792903843993,40.95457141709197,-18.212444406007933,845.3005604952397
224.93082880973816,150.0,109.050897906509,61.42365314023651,41.15931692755942,-18.213794910170833,843.6917515762511
226.63949990272522,150.0,109.22437364668171,61.16343952997743,41.36319505932602,-13.010680512953954,895.159540763495
228.315012216568,150.0,109.46725512347138,60.79911731479294,41.56585878370866,-18.21611075922469,841.488653392769
230.02066445350647,150.0,109.6407529235567,60.538870614664944,41.76765501909088,-13.012335006399667,892.9419062735616
231.73951411247253,150.0,109.84896242001852,60.226556369972215,41.96841020699079,-15.615712234636447,865.7925434232654
233.42900824546814,150.0,110.09189023588164,59.86216464617755,42.16795075581138,-18.219586189733405,838.1052921225552
235.10840797424316,150.0,110.30012842664667,59.54980736003,42.36645011367815,-15.61786430737726,862.983931663309
236.80271077156067,150.0,110.43896124673805,59.34155812989293,42.564255307444455,-10.412461506853532,914.9335193048386
238.51835083961487,150.0,110.64722151811895,59.02916772282157,42.76101919985386,-15.619520353568106,861.7066656910732
240.20350098609924,150.0,110.92492249421754,58.61261625867369,42.956394587382775,-20.827573207393968,807.414376386625
241.88621473312378,150.0,111.02906643519337,58.45640034720994,43.15124925520681,-7.810795573187335,937.9685402922942
243.6081726551056,150.0,111.20264703496504,58.19602944755244,43.34523602003198,-13.018544982875113,885.2272048470932
245.2868881225586,150.0,111.48039514636088,57.779407280458685,43.537834044300176,-20.8311083546878,804.8613297007107
246.96152305603027,150.0,111.61927804292775,57.57108293560838,43.72973765408554,-10.416217242515202,908.8460334717872
248.685688495636,150.0,111.8276134409755,57.258579838536754,43.92059958688066,-15.625154853581336,855.5402457183608
250.38823461532593,150.0,112.00123640639144,56.99814539041284,44.11059340484871,-13.021722406195835,880.8701638906571
252.06637501716614,150.0,112.20959612753737,56.68560580869395,44.29954542421102,-15.62697908594437,853.581721469606
253.9327256679535,150.0,112.41796911941928,56.373046320871076,44.487455578613925,-15.627974391143695,852.3252750834131
255.6144196987152,150.0,112.556891821224,56.164662268164,44.674671119507806,-10.419202635353741,904.2013075231807
257.29330587387085,150.0,112.73055349541953,55.90416975687071,44.86101835203071,-13.02462556466466,877.4056254423675
259.04316759109497,150.0,112.9736953295462,55.539457005680696,45.04614987538298,-18.235637559500617,823.4996932156307
260.7964873313904,150.0,113.11264163579635,55.331037546305474,45.230586667204,-10.420972968761077,901.4065124474839
262.4713499546051,150.0,113.32107216351574,55.018391754726395,45.413981306386425,-15.632289578953973,848.0008348215886
264.18342185020447,150.0,113.49477441754784,54.75783837367823,45.59650743429869,-13.027669052408086,873.2667675556884
265.8892333507538,150.0,113.66848589823731,54.49727115264404,45.7781650048075,-13.02836105170968,872.4707510574185
267.5663137435913,150.0,113.8074617269713,54.288807409543054,45.959127696172644,-10.423187155049263,898.2474795066644
269.27676916122437,150.0,113.98118981935136,54.028215270972964,46.13922174707589,-13.029606928504478,871.3783008954437
270.972815990448,150.0,114.15492714250745,53.76760928623883,46.31844711136335,-13.03029923670671,870.5575716089547
272.6459300518036,150.0,114.32867369791181,53.506989453132284,46.49680374287379,-13.030991655327284,869.7280154067879
274.36081171035767,150.0,114.46767759044272,53.29848361433592,46.67446535492157,-10.425291939818138,895.4765702943935
276.0816617012024,150.0,114.6761945113518,52.98570823297231,46.85108438236481,-15.638769068180736,841.9802354715638
277.76531624794006,150.0,114.78045795944647,52.8293130608303,47.02718209256758,-7.819758607100269,920.3673654629761
279.4791407585144,150.0,114.95423776313284,52.56864335530074,47.20241090375191,-13.033485276477919,867.3756898257473
281.1927561759949,150.0,115.12802680584191,52.30795979123713,47.376770769722704,-13.034178203180602,866.5055235777924
282.8708083629608,150.0,115.26706469309468,52.09940296035798,47.55043544625723,-10.427841543957683,892.2199686265752
284.5851044654846,150.0,115.44087036975702,51.83869444536447,47.72323109440845,-13.035425749675511,865.2649979009741
286.31569242477417,150.0,115.61468528956861,51.57797206564708,47.8951576679606,-13.036118985869294,864.370107477384
288.00072264671326,150.0,115.68421384590569,51.47367923114147,48.066736598731076,-5.2146417252807,943.2577410459185
289.88897585868835,150.0,115.99711065630893,51.0043340155366,48.23675104544953,-23.467260780243393,757.7382428074275
291.6034343242645,150.0,116.10141625115169,50.847875623272465,48.40624396419377,-7.822919613206736,914.3119997425949
293.28920125961304,150.0,116.20572517554646,50.69141223668031,48.575215338316035,-7.823169329607893,914.4345824538844
295.03503131866455,150.0,116.44912561585073,50.3263115762239,48.74296971023678,-18.2550330228203,808.1424826364038
296.75903940200806,150.0,116.58821972298242,50.117670415526376,48.91002861162187,-10.432058034876235,885.9564099227201
298.442369222641,150.0,116.69254418950412,49.96118371574382,49.076565890674345,-7.824334989127735,912.1341461729044
300.15368700027466,150.0,116.90120311694585,49.64819532458122,49.242059875089616,-15.649419558129907,832.4083564154092
301.872079372406,150.0,117.00553757850379,49.49169363224431,49.407032187197096,-7.825084616845501,910.7364120259591
303.56179118156433,150.0,117.14465537757478,49.28301693363783,49.57130891030922,-10.433834930324082,884.2049091362297
305.30667662620544,150.0,117.35334318556141,48.96998522165788,49.73454219438141,-15.651585598997642,830.5294181704165
307.02749252319336,150.0,117.42290875110378,48.865636873344336,49.89742765062589,-5.217417415677161,935.4564710829306
308.71519804000854,150.0,117.59682914715631,48.60475627926553,50.0,-13.044029703940296,855.6072657532524
310.449095249176,150.0,117.77075880467407,48.34386179298889,50.0,-13.044724313832035,852.9913747915685
312.18055748939514,150.0,117.87512104530337,48.18731843204494,50.0,-7.827168047197475,903.6015038484747
313.90167570114136,150.0,118.04906552424293,47.9264017136356,50.0,-13.045835920467042,848.8056579316856
315.6525537967682,150.0,118.15343665886257,47.76984501170614,50.0,-7.827835096473024,899.4200991523312
317.3726224899292,150.0,118.2926033608168,47.5610949587748,50.0,-10.437502646566799,871.2359231220801
319.1252167224884,150.0,118.43177599389796,47.35233600915306,50.0,-10.437947481086951,869.1438852806612
320.87503719329834,150.0,118.50136453484836,47.247953197727455,50.0,-5.219140571280434,920.2881262644702
322.59170508384705,150.0,118.67534237584675,46.98698643622987,50.0,-13.04833807487924,839.3864836135062
324.28022813796997,150.0,118.81453132343862,46.77820301484208,50.0,-10.43917106938963,863.3903194545245
326.0066730976105,150.0,118.88412802242705,46.673807966359426,50.0,-5.219752424132551,914.5405554222687
327.7237000465393,150.0,119.02332587126168,46.465011193107486,50.0,-10.439838662597012,860.2517253051047
329.41381311416626,150.0,119.19733152864413,46.20400270703381,50.0,-13.050424303683883,831.5357840334992
331.15719509124756,150.0,119.23213377308406,46.15179934037391,50.0,-2.610168332994789,935.4163100737912
333.0023477077484,150.0,119.40615056075609,45.89077415886587,50.0,-13.0512590754023,828.3951508346356
334.6956558227539,150.0,119.51056508616348,45.73415237075478,50.0,-7.831089405554437,879.0306296520033
336.4470863342285,150.0,119.61498295156578,45.57752557265133,50.0,-7.831339905172285,877.4618566747904
338.14493560791016,150.0,119.71940415728363,45.42089376407455,50.0,-7.831590428839164,875.8930333523539
339.8358952999115,150.0,119.82382870363733,45.264256944544,50.0,-7.83184097652736,874.3241596801664
341.5625922679901,150.0,119.9630666292083,45.05540005618755,50.0,-10.442844417822528,846.1255563836503
343.290123462677,150.0,119.99787703873368,45.003184441899485,50.0,-2.6107807144033046,923.9240372749618
344.9964361190796,150.0,120.10231049501803,44.84653425747295,50.0,-7.832509221326589,870.1402503614636
346.75267577171326,150.0,120.17193465574996,44.74209801637505,50.0,-5.221812054895025,895.2028596148002
348.4686496257782,150.0,120.2763736818991,44.58543947715135,50.0,-7.832926961185294,867.5251251596604
350.16215109825134,150.0,120.38081605039477,44.428775924407844,50.0,-7.833177637175126,865.9559828723272
351.88242840766907,150.0,120.52007774148325,44.21988338777513,50.0,-10.444626831635873,837.7525655613925
353.5970182418823,150.0,120.58971081571028,44.115433776434585,50.0,-5.222480567027077,888.9295320940751
355.37381887435913,150.0,120.65934537585261,44.010981936221086,50.0,-5.222592010674987,887.883899255461
357.0987982749939,150.0,120.76380000236546,43.854299996451815,50.0,-7.834096988463557,860.2020300798825
358.80776929855347,150.0,120.8682579727234,43.6976130409149,50.0,-7.834347776845618,858.6326526406929
360.5014624595642,150.0,120.8682579727234,43.6976130409149,50.0,0.0,936.976130409149
362.24764585494995,150.0,121.00754046862536,43.48868929706195,50.0,-10.446187192647471,830.4250210441448
364.0589804649353,150.0,121.1120062425366,43.33199063619511,50.0,-7.834933043342218,854.970575928529
365.7517683506012,150.0,121.14682891047228,43.27975663429158,50.0,-2.611700095176417,906.6805653911515
367.48849058151245,150.0,121.21647536136305,43.17528695795542,50.0,-5.223483816807928,879.5180314114749
369.1877167224884,150.0,121.32094782542649,43.01857826186027,50.0,-7.835434804757568,851.831434571027
370.8830289840698,150.0,121.39059799342564,42.914103009861535,50.0,-5.2237625999367765,876.9034040992476
372.62723779678345,150.0,121.49507603359812,42.75738594960281,50.0,-7.835853012936056,849.2153293666677
374.3258955478668,150.0,121.52990279054926,42.70514581417611,50.0,-2.612006771335018,900.9313904284111
376.02017617225647,150.0,121.63438529225141,42.54842206162289,50.0,-7.836187627661317,847.1223443396157
377.757666349411,150.0,121.66921353647447,42.49617969528829,50.0,-2.6121183167298057,898.8406137855849
379.4716296195984,150.0,121.77370050027854,42.339449249582195,50.0,-7.836522285304781,845.0292696427742
381.16595816612244,150.0,121.80853023196427,42.287204652053596,50.0,-2.61222987642995,896.7497477562364
382.9096395969391,150.0,121.80853023196427,42.287204652053596,50.0,0.0,922.8720465205358
384.633651971817,150.0,121.94785287778014,42.078220683329796,50.0,-10.449198436189988,816.290222471398
386.3284192085266,150.0,121.98268446906202,42.02597329640697,50.0,-2.612369346141463,894.136039502655
388.0800938606262,150.0,122.05234876750245,41.92147684874632,50.0,-5.2248223830321905,866.9665446571413
389.8120312690735,150.0,122.1568480050342,41.76472799244869,50.0,-7.837442814881612,839.2728517756707
391.50637125968933,150.0,122.19168182822446,41.71247725766331,50.0,-2.612536739269089,890.9994051839421
393.2616789340973,150.0,122.26135059069678,41.60797411395483,50.0,-5.225157185423868,863.8281692853097
394.98460268974304,150.0,122.33102084137035,41.50346873794448,50.0,-5.2252688005175685,862.781999374269
396.6834123134613,150.0,122.33102084137035,41.50346873794448,50.0,0.0,915.0346873794447
398.4179139137268,150.0,122.43552900796651,41.34670648805024,50.0,-7.838112494712135,835.085939933381
400.33618688583374,150.0,122.50520297956035,41.24219553065947,50.0,-5.225547869538261,860.1664766112121
402.03459548950195,150.0,122.47036580770232,41.29445128844652,50.0,2.6127878893522194,939.0723917779873
403.9372181892395,150.0,122.64455538844892,41.03316691732662,50.0,-13.064218555994955,779.6894836133165
405.64059567451477,150.0,122.64455538844892,41.03316691732662,50.0,0.0,910.3316691732662
407.34451603889465,150.0,122.67939442109488,40.980908368357674,50.0,-2.6129274484471665,883.6798091991051
409.1203920841217,150.0,122.71423382593441,40.92864926109838,50.0,-2.6129553629647972,883.1569389813358
410.881680727005,150.0,122.8187542737326,40.77186858940111,50.0,-7.839033584863486,829.3283500453763
412.56163454055786,150.0,122.85359516746537,40.71960724880194,50.0,-2.613067029958316,881.0654021884362
414.2963755130768,150.0,122.85359516746537,40.71960724880194,50.0,0.0,907.1960724880194
415.97267031669617,150.0,122.99296246504473,40.51055630243291,50.0,-10.452547318451622,800.5800898398129
417.66581201553345,150.0,122.99296246504473,40.51055630243291,50.0,0.0,905.1055630243292
419.39104771614075,150.0,123.06264834759202,40.406027478611975,50.0,-5.22644119104676,851.7958628756521
421.0893807411194,150.0,123.13233571943734,40.301496420843996,50.0,-5.226552888398928,850.7494353244506
422.7473928928375,150.0,123.13233571943734,40.301496420843996,50.0,0.0,903.0149642084399
424.4418158531189,150.0,123.20202458067718,40.19696312898424,50.0,-5.226664592987973,849.7029853599627
426.12323927879333,150.0,123.2368695698499,40.14469564522515,50.0,-2.6133741879544203,875.3132145727072
427.7799599170685,150.0,123.30656066535988,40.04015900196018,50.0,-5.226832163248574,848.133268387116
429.47855830192566,150.0,123.37625325050283,39.93562012424576,50.0,-5.226943885720914,847.0867623852484
431.1555452346802,150.0,123.34140677172118,39.98788984241823,50.0,2.613485908623403,926.0137575104163
432.8249168395996,150.0,123.41110010171684,39.88334984742474,50.0,-5.226999749674377,846.5635009775036
434.4819087982178,150.0,123.51564289006983,39.72653566489526,50.0,-7.84070912647401,818.8582653842126
436.18507719039917,150.0,123.51564289006983,39.72653566489526,50.0,0.0,897.2653566489527
437.8437252044678,150.0,123.51564289006983,39.72653566489526,50.0,0.0,897.2653566489527
439.50060391426086,150.0,123.62018903074214,39.56971645388679,50.0,-7.840960550423404,817.2875590346339
441.2578468322754,150.0,123.62018903074214,39.56971645388679,50.0,0.0,895.697164538868
442.9228219985962,150.0,123.68988832041559,39.465167519376614,50.0,-5.227446725508855,842.3772079386777
444.5753571987152,150.0,123.72473852405594,39.412892213916095,50.0,-2.6137652730259475,867.9912694089014
446.2912290096283,150.0,123.72473852405594,39.412892213916095,50.0,0.0,894.128922139161
447.9432625770569,150.0,123.75958910024768,39.36061634962848,50.0,-2.6137932143807774,867.4682313524771
449.6037743091583,150.0,123.79444004900282,39.308339926495776,50.0,-2.6138211566351544,866.9451876986062
451.2725055217743,150.0,123.79444004900282,39.308339926495776,50.0,0.0,893.0833992649577
452.9322919845581,150.0,123.89899513076922,39.15150730384617,50.0,-7.841631132480487,813.0987617136567
454.58231592178345,150.0,123.89899513076922,39.15150730384617,50.0,0.0,891.5150730384617
456.238308429718,150.0,123.96870038165056,39.046949427524154,50.0,-5.227893816100604,838.1905561142355
457.9037618637085,150.0,123.96870038165056,39.046949427524154,50.0,0.0,890.4694942752416
459.5613057613373,150.0,124.00355356603772,38.994669650943415,50.0,-2.613988829036984,863.8068082190644
461.22556495666504,150.0,124.07326105276584,38.890108420851234,50.0,-5.228061504609016,836.6204691624222
462.8794298171997,150.0,124.03840712307202,38.94238931539197,50.0,2.614044727036813,915.5643404242879
464.53086042404175,150.0,124.1081153551301,38.837826967304856,50.0,-5.228117404355714,836.0970956294915
466.1964998245239,150.0,124.21268049837,38.68097925244499,50.0,-7.84238574299323,808.3859350945175
467.87731409072876,150.0,124.1429700301779,38.78554495473314,50.0,5.228285114407427,940.1383006914057
469.53204464912415,150.0,124.21268049837,38.68097925244499,50.0,-5.228285114407427,834.5269413803755
471.1995873451233,150.0,124.28239245743792,38.57641131384312,50.0,-5.228396930093737,833.4801438374939
472.87317061424255,150.0,124.24753629153871,38.62869556269194,50.0,2.614212442441044,912.42908005133
474.532598733902,150.0,124.28239245743792,38.57641131384312,50.0,-2.614212442441044,859.6219887140207
476.19518852233887,150.0,124.31724899608001,38.524126505879984,50.0,-2.614240398156653,859.0988610772333
477.8899886608124,150.0,124.31724899608001,38.524126505879984,50.0,0.0,885.2412650587999
479.55055117607117,150.0,124.31724899608001,38.524126505879984,50.0,0.0,885.2412650587999
481.27528715133667,150.0,124.352105907477,38.471841138784505,50.0,-2.614268354773941,858.5757278401056
483.0180163383484,150.0,124.38696319164053,38.4195552125392,50.0,-2.6142963122651963,858.05258900274
484.683926820755,150.0,124.352105907477,38.471841138784505,50.0,2.6142963122651963,910.861374510497
486.3504157066345,150.0,124.45667887831566,38.314981682526515,50.0,-7.842972812899518,804.7200886962698
488.06193828582764,150.0,124.421820848583,38.367268727125506,50.0,2.614352229949546,909.8162095707505
489.7252585887909,150.0,124.45667887831566,38.314981682526515,50.0,-2.614352229949546,857.0062945257696
491.39421558380127,150.0,124.56125520437799,38.15811719343302,50.0,-7.843224454674669,803.1489273875834
493.1043565273285,150.0,124.52639605620152,38.21040591569772,50.0,2.6144361132349303,908.2484202893265
494.77116298675537,150.0,124.52639605620152,38.21040591569772,50.0,0.0,882.1040591569772
496.43531918525696,150.0,124.59611472539348,38.105827911909785,50.0,-5.228900189396768,828.7692772251302
498.1398112773895,150.0,124.63097461925886,38.0535380711117,50.0,-2.6144920399040927,854.3904603120761
499.79799342155457,150.0,124.59611472539348,38.105827911909785,50.0,2.6144920399040927,907.2031995181387
501.45674228668213,150.0,124.70069552558927,37.9489567116161,50.0,-7.843560014684314,801.0539669693178
503.11847257614136,150.0,124.73555653807831,37.89666519288253,50.0,-2.6145759366784205,852.8208925620411
504.77310013771057,150.0,124.70069552558927,37.9489567116161,50.0,2.6145759366784205,905.6353264829452
506.430330991745,150.0,124.73555653807831,37.89666519288253,50.0,-2.6145759366784205,852.8208925620411
508.0956497192383,150.0,124.84014181298205,37.73978728052692,50.0,-7.843895617780561,798.9589166274635
509.7548565864563,150.0,124.8052796817627,37.79208047735595,50.0,2.614659841451683,904.0674031880764
511.4100923538208,150.0,124.77041792346496,37.84437311480256,50.0,2.614631872330264,904.5900498713281
513.0793471336365,150.0,124.87500431713616,37.68749352429576,50.0,-7.843979525339861,798.435139989559
514.7640719413757,150.0,124.84014181298205,37.73978728052692,50.0,2.614687811557914,903.5447509208483
516.4274387359619,150.0,124.84014181298205,37.73978728052692,50.0,0.0,877.3978728052691
518.0936188697815,150.0,124.9447304442941,37.58290433355886,50.0,-7.844147348403041,797.3875698515582
519.7708849906921,150.0,124.90986719423593,37.63519920864611,50.0,2.6147437543624363,902.4994296300854
521.4308693408966,150.0,124.90986719423593,37.63519920864611,50.0,0.0,876.351992086461
523.147509098053,150.0,124.97959406732232,37.530608899016514,50.0,-5.229515481479652,823.0109341753687
524.8539865016937,150.0,124.97959406732232,37.530608899016514,50.0,0.0,875.3060889901651
526.5173695087433,150.0,124.97959406732232,37.530608899016514,50.0,0.0,875.3060889901651
528.179771900177,150.0,125.01445806333263,37.47831290500106,50.0,-2.6147997007726076,848.6351320422846
529.9469256401062,150.0,125.01445806333263,37.47831290500106,50.0,0.0,874.7831290500106
531.6093192100525,150.0,125.01445806333263,37.47831290500106,50.0,0.0,874.7831290500106
533.2725548744202,150.0,125.04932243233738,37.426016351493935,50.0,-2.6148276753563238,848.111886761376
535.0400130748749,150.0,125.04932243233738,37.426016351493935,50.0,0.0,874.2601635149392
536.8601651191711,150.0,125.08418717434786,37.37371923847821,50.0,-2.6148556507862963,847.588635876919
538.655481338501,150.0,125.11905228937607,37.32142156593589,50.0,-2.614883627115816,847.0653793882008
540.6110589504242,150.0,125.08418717434786,37.37371923847821,50.0,2.614883627115816,899.8860286559402
542.2480132579803,150.0,125.1539177774348,37.2691233338478,50.0,-5.229795231520384,820.3932810232742
543.9747776985168,150.0,125.1539177774348,37.2691233338478,50.0,0.0,872.691233338478
545.6563830375671,150.0,125.1539177774348,37.2691233338478,50.0,0.0,872.691233338478
547.3856179714203,150.0,125.1539177774348,37.2691233338478,50.0,0.0,872.691233338478
549.0323266983032,150.0,125.22364987268956,37.164525190965655,50.0,-5.229907144107315,819.3461804685835
550.7003381252289,150.0,125.25851647990964,37.11222528013553,50.0,-2.6149955415061044,844.9722973862943
552.3392012119293,150.0,125.22364987268956,37.164525190965655,50.0,2.6149955415061044,897.7952073247177
553.9979882240295,150.0,125.25851647990964,37.11222528013553,50.0,-2.6149955415061044,844.9722973862943
555.683111667633,150.0,125.29338346020792,37.05992480968812,50.0,-2.615023522370663,844.4490128731745
557.3218517303467,150.0,125.25851647990964,37.11222528013553,50.0,2.615023522370663,897.272488025062
558.9813849925995,150.0,125.25851647990964,37.11222528013553,50.0,0.0,871.1222528013553
560.6689901351929,150.0,125.32825081359564,37.00762377960653,50.0,-5.2300750264500095,817.7754875315652
562.3080677986145,150.0,125.32825081359564,37.00762377960653,50.0,0.0,870.0762377960654
563.9663691520691,150.0,125.32825081359564,37.00762377960653,50.0,0.0,870.0762377960654
565.6029198169708,150.0,125.3631185400856,36.95532218987161,50.0,-2.615079486746197,843.4024270312541
567.2416100502014,150.0,125.3631185400856,36.95532218987161,50.0,0.0,869.5532218987161
568.9016945362091,150.0,125.3979866396894,36.90302004046589,50.0,-2.615107470285949,842.8791257017995
570.5379807949066,150.0,125.3631185400856,36.95532218987161,50.0,2.615107470285949,895.7042966015756
572.178172826767,150.0,125.43285511241872,36.85071733137192,50.0,-5.230242924984552,816.2047440638737
573.8225605487823,150.0,125.43285511241872,36.85071733137192,50.0,0.0,868.5071733137192
575.4734964370728,150.0,125.3979866396894,36.90302004046589,50.0,2.6151354546986028,895.1815549516449
577.1240301132202,150.0,125.46772395828593,36.798414062571105,50.0,-5.230298894739249,815.6811516783187
578.7673141956329,150.0,125.46772395828593,36.798414062571105,50.0,0.0,867.9841406257111
580.408985376358,150.0,125.43285511241872,36.85071733137192,50.0,2.6151634400406465,894.6588077141257
582.133980512619,150.0,125.50259317730304,36.74611023404544,50.0,-5.23035486632395,815.1575536772148
583.7775416374207,150.0,125.50259317730304,36.74611023404544,50.0,0.0,867.4611023404543
585.4211075305939,150.0,125.50259317730304,36.74611023404544,50.0,0.0,867.4611023404543
587.1387689113617,150.0,125.57233273483394,36.6415008977491,50.0,-5.230466814817092,814.1103408293201
588.7823486328125,150.0,125.5374627694817,36.69380584577744,50.0,2.6152474014171645,893.090532471946
590.4253211021423,150.0,125.5374627694817,36.69380584577744,50.0,0.0,866.9380584577743
592.085741519928,150.0,125.5374627694817,36.69380584577744,50.0,0.0,866.9380584577743
593.7401103973389,150.0,125.5374627694817,36.69380584577744,50.0,0.0,866.9380584577743
595.4166176319122,150.0,125.60720307337212,36.58919538994182,50.0,-5.230522791780956,813.5867259816087
597.0944972038269,150.0,125.57233273483394,36.6415008977491,50.0,2.6152753903637915,892.5677628811288
599.2656528949738,150.0,125.57233273483394,36.6415008977491,50.0,0.0,866.415008977491
601.039769411087,150.0,125.6420737851079,36.536889322338155,50.0,-5.230578770547112,813.0631055179105
602.8159093856812,150.0,125.60720307337212,36.58919538994182,50.0,2.6153033801833203,892.0449877012514
604.7019848823547,150.0,125.6420737851079,36.536889322338155,50.0,-2.6153033801833203,839.2158594215483
606.7257578372955,150.0,125.6420737851079,36.536889322338155,50.0,0.0,865.3688932233815
608.8411662578583,150.0,125.67694487005329,36.484582694920064,50.0,-2.615331370904528,838.6925132401553
610.4909875392914,150.0,125.60720307337212,36.58919538994182,50.0,5.230634751087848,918.1983014102967
612.1574213504791,150.0,125.71181632822031,36.43227550766954,50.0,-7.845994113614196,785.8628139405535
613.8934910297394,150.0,125.67694487005329,36.484582694920064,50.0,2.6153593625263483,890.9994205744641
615.5391135215759,150.0,125.67694487005329,36.484582694920064,50.0,0.0,864.8458269492006
617.1881124973297,150.0,125.67694487005329,36.484582694920064,50.0,0.0,864.8458269492006
618.9315731525421,150.0,125.71181632822031,36.43227550766954,50.0,-2.6153593625263483,838.1691614514319
620.644373178482,150.0,125.71181632822031,36.43227550766954,50.0,0.0,864.3227550766954
622.2928605079651,150.0,125.71181632822031,36.43227550766954,50.0,0.0,864.3227550766954
623.995007276535,150.0,125.71181632822031,36.43227550766954,50.0,0.0,864.3227550766954
625.6403012275696,150.0,125.78156036426728,36.32765945359908,50.0,-5.230802703522741,810.9685675007634
627.2877585887909,150.0,125.71181632822031,36.43227550766954,50.0,5.230802703522741,916.6307821119228
629.002721786499,150.0,125.74668815962096,36.37996776056856,50.0,-2.6153873550487816,837.6458040551978
630.6609499454498,150.0,125.78156036426728,36.32765945359908,50.0,-2.6154153484739595,837.1224410512513
632.3322703838348,150.0,125.71181632822031,36.43227550766954,50.0,5.230802703522741,916.6307821119228
634.073664188385,150.0,125.81643294217126,36.27535058674311,50.0,-7.846246046321426,784.2910454042169
635.7204387187958,150.0,125.81643294217126,36.27535058674311,50.0,0.0,862.7535058674312
637.3828320503235,150.0,125.71181632822031,36.43227550766954,50.0,7.846246046321426,942.7852155399097
639.0432512760162,150.0,125.85130589334454,36.22304115998318,50.0,-10.461717384317737,757.6132377566545
640.6894001960754,150.0,125.81643294217126,36.27535058674311,50.0,2.6154713379963113,888.9082192473943
642.3484230041504,150.0,125.81643294217126,36.27535058674311,50.0,0.0,862.7535058674312
644.0138926506042,150.0,125.81643294217126,36.27535058674311,50.0,0.0,862.7535058674312
645.6635692119598,150.0,125.81643294217126,36.27535058674311,50.0,0.0,862.7535058674312
647.337691783905,150.0,125.88617921779955,36.17073117330067,50.0,-5.230970672121771,809.3976050117891
649.0089156627655,150.0,125.88617921779955,36.17073117330067,50.0,0.0,861.7073117330068
650.6774823665619,150.0,125.81643294217126,36.27535058674311,50.0,5.230970672121771,915.0632125886489
652.3378336429596,150.0,125.92105291554826,36.11842062667761,50.0,-7.84649800327486,782.7192262340276
654.0092222690582,150.0,125.92105291554826,36.11842062667761,50.0,0.0,861.1842062667762
655.6759672164917,150.0,125.88617921779955,36.17073117330067,50.0,2.615527331153089,887.8625850445377
657.3365087509155,150.0,125.95592698660234,36.0661095200965,50.0,-5.231082660208841,808.3502685988765
659.0060579776764,150.0,125.92105291554826,36.11842062667761,50.0,2.615555329055752,887.3397595573338
660.717583656311,150.0,125.92105291554826,36.11842062667761,50.0,0.0,861.1842062667762
662.4336130619049,150.0,125.95592698660234,36.0661095200965,50.0,-2.615555329055752,834.5055419104074
664.0796768665314,150.0,125.92105291554826,36.11842062667761,50.0,2.615555329055752,887.3397595573338
665.8411974906921,150.0,125.92105291554826,36.11842062667761,50.0,0.0,861.1842062667762
667.5704278945923,150.0,125.92105291554826,36.11842062667761,50.0,0.0,861.1842062667762
669.2540137767792,150.0,125.92105291554826,36.11842062667761,50.0,0.0,861.1842062667762
671.131294965744,150.0,125.99080143097379,36.013797853539316,50.0,-5.23113865691478,807.8265919662454
672.798574924469,150.0,125.57233273483394,36.6415008977491,50.0,31.385152210489053,1180.2665310823816
674.4538264274597,150.0,124.59611472539348,38.105827911909785,50.0,73.21635070803438,1613.2217861994418
676.1734051704407,150.0,123.30656066535988,40.04015900196018,50.0,96.71655450251961,1867.5671350447979
677.8410172462463,150.0,122.01751643229866,41.973725351552005,50.0,96.67831747959141,1886.5204283114344
679.489221572876,150.0,121.39059799342564,42.914103009861535,50.0,47.01888291547647,1399.3298592533802
681.1844155788422,150.0,123.06264834759202,40.406027478611975,50.0,-125.40377656247799,0
682.8594658374786,150.0,123.48079492148813,39.77880761776781,50.0,-31.360993042208207,584.178145755596
684.5076341629028,150.0,123.13233571943734,40.301496420843996,50.0,26.13444015380928,1164.3593657465326
686.1941447257996,150.0,123.37625325050283,39.93562012424576,50.0,-18.29381482991188,716.4180529433388
687.8730568885803,150.0,123.62018903074214,39.56971645388679,50.0,-18.295183517948388,712.7453293593841
689.5210592746735,150.0,123.41110010171684,39.88334984742474,50.0,15.681669676897414,1055.6501952432216
691.2160739898682,150.0,123.585339944685,39.621990082972495,50.0,-13.067988222612215,765.5400186036029
692.8876795768738,150.0,123.72473852405594,39.412892213916095,50.0,-10.454893452820002,789.5799876109609
694.5399193763733,150.0,123.65503848931537,39.51744226602694,50.0,5.227502605542256,947.4494487156919
696.1930084228516,150.0,123.72473852405594,39.412892213916095,50.0,-5.227502605542256,841.8538960837384
697.8643546104431,150.0,123.82929137033376,39.256062944499355,50.0,-7.841463470836985,814.1459947366236
699.5178163051605,150.0,123.79444004900282,39.308339926495776,50.0,2.613849099821053,919.2218902631682
701.1775138378143,150.0,123.86414306425215,39.20378540362178,50.0,-5.22772614369984,839.7605925992194
702.8720257282257,150.0,123.93384756989815,39.09922864515278,50.0,-5.227837923450096,838.7139072170269
704.5218050479889,150.0,123.93384756989815,39.09922864515278,50.0,0.0,890.9922864515278
706.1865127086639,150.0,124.03840712307202,38.94238931539197,50.0,-7.841966488040342,811.0042282735163
708.3535399436951,150.0,124.00355356603772,38.994669650943415,50.0,2.6140167775722034,916.0868642851563
710.1797544956207,150.0,124.07326105276584,38.890108420851234,50.0,-5.228061504609016,836.6204691624222
711.8535010814667,150.0,124.1429700301779,38.78554495473314,50.0,-5.228173305904704,835.5737164882844
713.5377109050751,150.0,124.1429700301779,38.78554495473314,50.0,0.0,887.8554495473314
715.353509426117,150.0,124.17782507792053,38.733262383119204,50.0,-2.6141285806968284,861.1913380242238
717.0343158245087,150.0,124.28239245743792,38.57641131384312,50.0,-7.842553463804336,807.3385785003879
718.7299394607544,150.0,124.24753629153871,38.62869556269194,50.0,2.614212442441044,912.42908005133
720.4012248516083,150.0,124.24753629153871,38.62869556269194,50.0,0.0,886.2869556269195
722.0905122756958,150.0,124.352105907477,38.471841138784505,50.0,-7.842721195371638,806.2911994341287
723.7904374599457,150.0,124.31724899608001,38.524126505879984,50.0,2.614268354773941,911.3839486065393
725.7738082408905,150.0,124.352105907477,38.471841138784505,50.0,-2.614268354773941,858.5757278401056
727.5827918052673,150.0,124.45667887831566,38.314981682526515,50.0,-7.842972812899518,804.7200886962698
729.4442067146301,150.0,124.38696319164053,38.4195552125392,50.0,5.228676500634322,936.4823171317352
731.2441482543945,150.0,124.52639605620152,38.21040591569772,50.0,-10.45746484207406,777.5294107362366
733.6440362930298,150.0,124.45667887831566,38.314981682526515,50.0,5.2287883414397385,935.4377002396625
735.3056325912476,150.0,124.49153728085129,38.262694078723065,50.0,-2.614380190172483,856.4831388855057
736.9629628658295,150.0,124.56125520437799,38.15811719343302,50.0,-5.228844264502186,829.2927292893082
738.6986765861511,150.0,124.59611472539348,38.105827911909785,50.0,-2.6144640761618376,854.9136383574795
740.3930706977844,150.0,124.59611472539348,38.105827911909785,50.0,0.0,881.0582791190978
742.0513834953308,150.0,124.66583488598691,38.001247671019634,50.0,-5.229012044507542,827.7223562651209
743.9339680671692,150.0,124.73555653807831,37.89666519288253,50.0,-5.229123906855193,826.6754128602734
745.6179051399231,150.0,124.70069552558927,37.9489567116161,50.0,2.6145759366784205,905.6353264829452
747.2752587795258,150.0,124.73555653807831,37.89666519288253,50.0,-2.6145759366784205,852.8208925620411
749.038569688797,150.0,124.8052796817627,37.79208047735595,50.0,-5.229235776328878,825.6284470102707
750.7218294143677,150.0,124.84014181298205,37.73978728052692,50.0,-2.614659841451683,851.2512743907523
752.7092297077179,150.0,124.84014181298205,37.73978728052692,50.0,0.0,877.3978728052691
754.4038174152374,150.0,124.8052796817627,37.79208047735595,50.0,2.614659841451683,904.0674031880764
756.0735635757446,150.0,124.90986719423593,37.63519920864611,50.0,-7.844063435492288,797.9113577315381
757.7223224639893,150.0,124.9447304442941,37.58290433355886,50.0,-2.6147437543624363,849.6816057919642
759.4226205348969,150.0,124.90986719423593,37.63519920864611,50.0,2.6147437543624363,902.4994296300854
761.079313993454,150.0,124.97959406732232,37.530608899016514,50.0,-5.229515481479652,823.0109341753687
762.7424819469452,150.0,124.97959406732232,37.530608899016514,50.0,0.0,875.3060889901651
764.6183786392212,150.0,125.01445806333263,37.47831290500106,50.0,-2.6147997007726076,848.6351320422846
766.2930862903595,150.0,125.04932243233738,37.426016351493935,50.0,-2.6148276753563238,848.111886761376
767.9572474956512,150.0,125.08418717434786,37.37371923847821,50.0,-2.6148556507862963,847.588635876919
769.6800243854523,150.0,125.01445806333263,37.47831290500106,50.0,5.22968332614262,927.0799623114368
771.3375866413116,150.0,125.11905228937607,37.32142156593589,50.0,-7.844566953258436,794.7685461267746
773.0159628391266,150.0,125.1539177774348,37.2691233338478,50.0,-2.6149116044045684,846.5421172944323
775.1179666519165,150.0,125.08418717434786,37.37371923847821,50.0,5.229795231520384,926.0351446999858
777.4608318805695,150.0,125.18878363853528,37.216824542197074,50.0,-7.844734814056764,793.720897281403
779.1561501026154,150.0,125.22364987268956,37.164525190965655,50.0,-2.6149675615709356,845.4955762939472
780.81263422966,150.0,125.1539177774348,37.2691233338478,50.0,5.229907144107315,924.9903047795511
782.4833076000214,150.0,125.25851647990964,37.11222528013553,50.0,-7.84490268561342,792.6732259452211
784.1686079502106,150.0,125.29338346020792,37.05992480968812,50.0,-2.615023522370663,844.4490128731745
785.8377349376678,150.0,125.22364987268956,37.164525190965655,50.0,5.230019063876767,923.9454425484244
787.5710508823395,150.0,125.32825081359564,37.00762377960653,50.0,-7.845070567956114,791.6255321165042
789.9748630523682,150.0,125.25851647990964,37.11222528013553,50.0,5.2300750264500095,923.4230030658555
791.9229600429535,150.0,125.3979866396894,36.90302004046589,50.0,-10.460261983482155,764.4275805698373
793.5818815231323,150.0,125.3631185400856,36.95532218987161,50.0,2.615107470285949,895.7042966015756
795.2540225982666,150.0,125.3979866396894,36.90302004046589,50.0,-2.615107470285949,842.8791257017995
796.9275364875793,150.0,125.3979866396894,36.90302004046589,50.0,0.0,869.0302004046589
798.5860066413879,150.0,125.43285511241872,36.85071733137192,50.0,-2.6151354546986028,842.3558187667333
800.2616589069366,150.0,125.46772395828593,36.798414062571105,50.0,-2.6151634400406465,841.8325062253047
802.0657162666321,150.0,125.43285511241872,36.85071733137192,50.0,2.6151634400406465,894.6588077141257
804.2632339000702,150.0,125.50259317730304,36.74611023404544,50.0,-5.23035486632395,815.1575536772148
806.0251603126526,150.0,125.5374627694817,36.69380584577744,50.0,-2.6152194133999274,840.7858643237751
807.7311403751373,150.0,125.50259317730304,36.74611023404544,50.0,2.6152194133999274,893.6132964744536
809.4208171367645,150.0,125.57233273483394,36.6415008977491,50.0,-5.230466814817092,814.1103408293201
811.5519244670868,150.0,125.57233273483394,36.6415008977491,50.0,0.0,866.415008977491
813.3859963417053,150.0,125.57233273483394,36.6415008977491,50.0,0.0,866.415008977491
815.216406583786,150.0,125.60720307337212,36.58919538994182,50.0,-2.6152753903637915,839.7391999957803
817.0874044895172,150.0,125.6420737851079,36.536889322338155,50.0,-2.6153033801833203,839.2158594215483
818.7448723316193,150.0,125.6420737851079,36.536889322338155,50.0,0.0,865.3688932233815
820.7149884700775,150.0,125.6420737851079,36.536889322338155,50.0,0.0,865.3688932233815
822.4037439823151,150.0,125.67694487005329,36.484582694920064,50.0,-2.615331370904528,838.6925132401553
824.1385922431946,150.0,125.67694487005329,36.484582694920064,50.0,0.0,864.8458269492006
825.8649606704712,150.0,125.71181632822031,36.43227550766954,50.0,-2.6153593625263483,838.1691614514319
827.5385463237762,150.0,125.71181632822031,36.43227550766954,50.0,0.0,864.3227550766954
829.1957104206085,150.0,125.71181632822031,36.43227550766954,50.0,0.0,864.3227550766954
830.8324341773987,150.0,125.74668815962096,36.37996776056856,50.0,-2.6153873550487816,837.6458040551978
832.5000457763672,150.0,125.74668815962096,36.37996776056856,50.0,0.0,863.7996776056856
834.1389346122742,150.0,125.74668815962096,36.37996776056856,50.0,0.0,863.7996776056856
835.7734832763672,150.0,125.78156036426728,36.32765945359908,50.0,-2.6154153484739595,837.1224410512513
837.5053043365479,150.0,125.78156036426728,36.32765945359908,50.0,0.0,863.2765945359909
839.2132873535156,150.0,125.78156036426728,36.32765945359908,50.0,0.0,863.2765945359909
840.8497724533081,150.0,125.81643294217126,36.27535058674311,50.0,-2.6154433427986845,836.5990724394443
842.601610660553,150.0,125.81643294217126,36.27535058674311,50.0,0.0,862.7535058674312
844.2702963352203,150.0,125.81643294217126,36.27535058674311,50.0,0.0,862.7535058674312
846.1141800880432,150.0,125.85130589334454,36.22304115998318,50.0,-2.6154713379963113,836.0756982198687
847.7515523433685,150.0,125.85130589334454,36.22304115998318,50.0,0.0,862.2304115998318
849.4505050182343,150.0,125.85130589334454,36.22304115998318,50.0,0.0,862.2304115998318
851.0855722427368,150.0,125.85130589334454,36.22304115998318,50.0,0.0,862.2304115998318
852.7193875312805,150.0,125.92105291554826,36.11842062667761,50.0,-5.231026665278549,808.8739396139907
854.528074502945,150.0,125.88617921779955,36.17073117330067,50.0,2.615527331153089,887.8625850445377
856.1680037975311,150.0,125.88617921779955,36.17073117330067,50.0,0.0,861.7073117330068
857.8203608989716,150.0,125.92105291554826,36.11842062667761,50.0,-2.615527331153089,835.0289329552453
859.5362179279327,150.0,125.88617921779955,36.17073117330067,50.0,2.615527331153089,887.8625850445377
861.1920740604401,150.0,125.95592698660234,36.0661095200965,50.0,-5.231082660208841,808.3502685988765
862.8401801586151,150.0,125.92105291554826,36.11842062667761,50.0,2.615555329055752,887.3397595573338
864.4981737136841,150.0,125.95592698660234,36.0661095200965,50.0,-2.615555329055752,834.5055419104074
866.1344094276428,150.0,125.92105291554826,36.11842062667761,50.0,2.615555329055752,887.3397595573338
867.7978060245514,150.0,125.95592698660234,36.0661095200965,50.0,-2.615555329055752,834.5055419104074
869.4437253475189,150.0,125.95592698660234,36.0661095200965,50.0,0.0,860.6610952009648
871.0857989788055,150.0,125.99080143097379,36.013797853539316,50.0,-2.615583327859028,833.9821452568028
872.7421000003815,150.0,125.99080143097379,36.013797853539316,50.0,0.0,860.1379785353931
874.3823511600494,150.0,125.99080143097379,36.013797853539316,50.0,0.0,860.1379785353931
876.0251445770264,150.0,126.02567624867537,35.96148562698695,50.0,-2.615611327618339,833.4587429936862
877.6586344242096,150.0,126.02567624867537,35.96148562698695,50.0,0.0,859.6148562698695
879.3129351139069,150.0,126.02567624867537,35.96148562698695,50.0,0.0,859.6148562698695
881.397134065628,150.0,126.02567624867537,35.96148562698695,50.0,0.0,859.6148562698695
883.2715697288513,150.0,126.06055143971798,35.909172840423025,50.0,-2.6156393281961954,832.9353351222683
885.8635008335114,150.0,126.02567624867537,35.96148562698695,50.0,2.6156393281961954,885.7712495518315
1.707754373550415,150.0,127.0023227647872,34.49651585281921,0.11498838617606402,1724.8257926409603,3000
3.6484501361846924,150.0,136.01524334744752,20.977134978828715,0.1849121694388264,-675.9690436995246,0
5.684569597244263,150.0,141.6172383477554,12.574142478366895,0.2268259777000494,-420.14962502309106,0
7.376224756240845,150.0,142.10787350577536,11.838189741336961,0.2662866101711726,-36.79763685149666,0
9.056068420410156,150.0,141.44202949815198,12.836955752772027,0.3090764626804127,49.9383005717533,630.8433278720574
10.748096704483032,150.0,140.53109605854843,14.203355912177358,0.35642098238767056,68.32000797026652,828.7978486483155
12.46141004562378,150.0,139.79552886383692,15.306706704244618,0.407443338068486,55.167539603363025,708.8168964567614
14.14158320426941,150.0,139.09514370759067,16.357284438614002,0.46196761953053267,52.52888671846918,693.4813877661372
15.82909607887268,150.0,138.35990196528581,17.460147052071278,0.5201681097041035,55.143130672863805,731.2344583463919
17.555187463760376,150.0,137.6248267509068,18.56275987363979,0.5820439759495695,55.13064107842567,742.7544492801503
19.247730255126953,150.0,136.9599020988875,19.560146851668733,0.6472444654551319,49.8693489014471,700.7674021857097
20.940362691879272,150.0,136.33009906552422,20.504851401713665,0.7155939701275108,47.2352275022466,684.5567287408778
22.673321962356567,150.0,135.59548319824455,21.606775202633173,0.7876165541362881,55.09619004597539,774.9058180274485
24.534701108932495,150.0,134.96594466365016,22.551083004524756,0.8627868308180373,47.215390094579135,706.2925992992193
26.327860355377197,150.0,134.40645724686553,23.390314129701707,0.9407545445837097,41.961556258847565,662.9262493313298
28.177896738052368,150.0,133.70723341563456,24.439149876548157,1.022218377505537,52.4417873423225,779.031555963762
30.06030559539795,150.0,133.18291424619184,25.225628630712237,1.1063038062745778,39.32393770820397,656.5587014519078
32.06192874908447,150.0,132.51889801395214,26.22165297907179,1.1937093162048171,49.80121741797774,772.1657971325435
33.8775794506073,150.0,131.92489315802493,27.112660262962606,1.2840848504146924,44.55036419454075,729.4710930791805
35.68998670578003,150.0,131.36592886481327,27.951106702780095,1.377255206090626,41.92232199087442,712.5068389974514
37.4888072013855,150.0,130.84198707103513,28.737019393447298,1.4730452707354504,39.29563453336016,695.0569919754291
39.29283142089844,150.0,130.2832088239038,29.57518676414429,1.5716292266159315,41.90836853484967,730.5518452560989
41.37777614593506,150.0,129.689612069149,30.46558189627649,1.6731811662701865,44.51975660660992,766.5851966915659
43.82544946670532,150.0,129.02630851389677,31.460537229154852,1.7780496237007026,49.74776664391811,829.8635349677365
45.59797239303589,150.0,128.74706324369618,31.879405134455737,1.8843143074822217,20.943395265044273,547.0711470698224
47.31106185913086,150.0,128.1886445586398,32.71703316204031,1.9933710846890227,41.88140137922858,765.9180562595791
49.060463190078735,150.0,127.73499989453616,33.39750015819576,2.104696085216342,34.02334980777262,695.2554605118472
51.019962310791016,150.0,127.17675474917823,34.234867876232656,2.218812311470451,41.86838590184472,783.2206608954783
52.68024682998657,150.0,126.79301671474225,34.810474927886624,2.3348472278967396,28.7803525826984,659.2567473848176
54.393399238586426,150.0,126.33956640979243,35.49065038531136,2.4531493958477775,34.008772871236914,719.5257265239605
56.05640530586243,150.0,125.88617921779955,36.17073117330067,2.5737184997587796,34.00403939946557,727.4848907252501
57.73456692695618,150.0,125.3979866396894,36.90302004046589,2.6967285665603327,36.61444335826083,762.1419196528706
59.4452064037323,150.0,125.01445806333263,37.47831290500106,2.8216562762436697,28.76464322675858,690.6461240800331
61.14739227294922,150.0,124.59611472539348,38.105827911909785,2.9486757026167023,31.37575034543616,724.3025395996265
62.826313734054565,150.0,124.21268049837,38.68097925244499,3.0776123001248523,28.757567026760356,705.161585793302
64.61549377441406,150.0,123.75958910024768,39.36061634962848,3.208814354623614,33.981854859174376,765.5128556342646
66.3062732219696,150.0,123.41110010171684,39.88334984742474,3.34175885411503,26.136674889812994,693.6178359135276
68.22704768180847,150.0,122.95812008222869,40.56281987665697,3.476968253703886,33.97350146161138,780.1328959197224
70.11296820640564,150.0,122.6097167279845,41.08542490802324,3.6139196700639635,26.130251568313767,708.2959614640097
71.79746460914612,150.0,122.26135059069678,41.60797411395483,3.7526129171104796,26.127460296579486,714.8804732764481
73.70906257629395,150.0,121.84336033554544,42.23495949668184,3.8933961154327523,31.349269136350344,774.7762474846493
75.60823202133179,150.0,121.52990279054926,42.70514581417611,4.035746601480006,23.50931587471372,702.5020829036985
77.28139686584473,150.0,121.18165195007695,43.22752207488457,4.179838341729621,26.11881303542276,735.2617345203694
79.05857634544373,150.0,120.83343827771289,43.74984258343067,4.325671150341057,26.11602542730509,741.9153916107682
80.74102067947388,150.0,120.55489409286307,44.1676588607054,4.472896679876741,20.890813863736568,695.3136940431871
82.67443752288818,150.0,120.17193465574996,44.74209801637505,4.622037006597991,28.721957783482566,780.8609280645561
84.3489499092102,150.0,119.92825659094792,45.10761511357811,4.7723957236432515,18.275854860153018,681.5586569737438
86.14530611038208,150.0,119.61498295156578,45.57752557265133,4.9243208088854225,23.495522953660952,739.9736933519771
87.7799961566925,150.0,119.26693638853966,46.09959541719051,5.077986126942724,26.103492226958736,772.8107377109197
89.41391968727112,150.0,119.02332587126168,46.465011193107486,5.232869497586416,18.270788795848958,699.6866948654286
91.09133768081665,150.0,118.71013905647617,46.93479141528575,5.389318802304035,23.48901110891326,758.1312132650305
92.72697448730469,150.0,118.50136453484836,47.247953197727455,5.546811979629793,15.658089122085173,684.5285429944242
94.36004304885864,150.0,118.18822777834926,47.71765833247611,5.705870840738047,23.48525673743289,769.0878591064705
96.05032896995544,150.0,117.90990919993699,48.135136200094514,5.866321294738362,20.873893380920094,748.7535087575297
97.69424891471863,150.0,117.73597213218218,48.396041801726724,6.027641434077451,13.0452800816105,674.6896331741468
99.33072209358215,150.0,117.42290875110378,48.865636873344336,6.190526890321933,23.47975358088057,785.3591734454685
101.14013433456421,150.0,117.17943575307488,49.230846370387674,6.354629711556559,18.260474852166908,738.4595093411115
102.78624606132507,150.0,117.00553757850379,49.49169363224431,6.5196020236640395,13.042363092831977,690.5365874874033
104.42461848258972,150.0,116.79687198738543,49.804692018921855,6.685617663727112,15.649919333877094,721.4022901652606
106.13883590698242,150.0,116.55344564105569,50.16983153841647,6.852850435521834,18.256975974730594,752.796579486689
107.86440300941467,150.0,116.31003742981241,50.534943855281384,7.021300248372771,18.25561584324582,758.1185994689997
109.50858879089355,150.0,116.13618552265079,50.79572171602381,7.1906193207595175,13.038893037121468,710.252340739048
111.68359899520874,150.0,115.8580417086044,51.212937437093395,7.361329112216495,20.860786053479075,794.3505260278897
113.406991481781,150.0,115.68421384590569,51.47367923114147,7.532908042986967,13.037089702403648,720.4367697653208
115.0818738937378,150.0,115.47563261422025,51.78655107866963,7.705529879915866,15.643592376408222,751.3567333499373
116.83941960334778,150.0,115.30182508904595,52.04726236643108,7.879020754470636,13.035564388072274,729.6184750897398
1.7217626571655273,150.0,107.49002958143596,63.76495562784606,0.21254985209282018,3188.2477813923024,3000
3.6184566020965576,150.0,115.68421384590569,51.47367923114147,0.3841287828632918,-614.5638198352294,0
5.3062286376953125,150.0,120.97271928724707,43.54092106912939,0.5292651864270564,-396.6379081006039,0
7.056791543960571,150.0,122.05234876750245,41.92147684874632,0.6690034425895441,-80.9722110191533,0
8.735915899276733,150.0,121.91302165844135,42.13046751233797,0.8094383342973374,10.44953317958246,533.8943902621777
10.455729484558105,150.0,121.3557727235557,42.966340914666446,0.9526594706795588,41.7936701164237,857.1267050176971
12.14623212814331,150.0,121.07718394625792,43.38422408061312,1.0972735509482692,20.89415829733383,653.7565592889521
13.843174695968628,150.0,120.72898142200565,43.90652786699153,1.243628643838241,26.11518931892043,712.6534582975021
15.532960414886475,150.0,120.34600155617123,44.48099766574315,1.3918986360573848,28.723489937581093,745.9638623938163
17.272454023361206,150.0,119.9630666292083,45.05540005618755,1.5420833029113434,28.72011952221989,753.1760288131877
19.024600505828857,150.0,119.64978964897666,45.525315526535,1.69383435466646,23.495773517372598,707.1492339857406
20.708632707595825,150.0,119.33654273254557,45.99518590118165,1.8471516410037323,23.49351873233232,713.3585627451771
22.458184003829956,150.0,118.98852585266609,46.51721122100087,2.0022090117404017,26.101265990961053,746.2068622370234
24.129921913146973,150.0,118.71013905647617,46.93479141528575,2.1586583164580206,20.879009714244035,699.7245944598781
25.829747676849365,150.0,118.39698227954281,47.40452658068578,2.3166734050603064,23.486758270001573,732.0795825574766
27.54939603805542,150.0,118.08385553182143,47.87421670226786,2.4762541274011993,23.484506079103795,738.3497690877286
29.22000813484192,150.0,117.84033326122245,48.23950010816632,2.637052461095087,18.264170294922977,691.4072286418439
30.910887241363525,150.0,117.56204432707575,48.65693350938637,2.7992422394597085,20.87167006100259,723.2784580984867
32.62956166267395,150.0,117.28377910152244,49.07433134771634,2.9628233439520963,20.869891916498418,729.0704660816685
34.312174797058105,150.0,117.00553757850379,49.49169363224431,3.127795656059577,20.86811422639876,734.8760351470264
36.11552929878235,150.0,116.7620956845876,49.85685647311859,3.2939851776366393,18.258142043713832,714.0898369446907
37.843671560287476,150.0,116.5186719292326,50.221992106151106,3.461391817990476,18.256781651625786,719.4016557576737
39.53643751144409,150.0,116.27526630838506,50.587100537422415,3.630015486448551,18.255421563565477,724.7253758743645
41.312389850616455,150.0,116.03187881799278,50.952181773010835,3.799856092358587,18.254061779420994,730.0609964479042
43.05022311210632,150.0,115.78850945400471,51.317235818992934,3.9709135450885635,18.25270229910494,735.4085166318644
44.718674659729004,150.0,115.54515821237167,51.68226268144249,4.143187754026705,18.251343122477692,740.7679355794688
46.4182403087616,150.0,115.33658585467619,51.99512121798572,4.316504824753324,15.642926827161574,719.5455286990062
48.161104917526245,150.0,115.09326825810746,52.360097612838814,4.491038483462787,18.24881974265473,750.9995583895634
50.013309955596924,150.0,114.84996877233269,52.72504684150097,4.666788639601124,18.24746143310776,756.3929691420985
52.362043619155884,150.0,114.6066873933083,53.08996891003754,4.843755202634582,18.246103426828597,761.7982753950072
54.05299735069275,150.0,114.46767759044272,53.29848361433592,5.021416814682368,10.42573521491903,687.4563564393732
55.73191261291504,150.0,114.29392364818065,53.55911452772902,5.199947196441465,13.031545669655031,717.9060739382553
57.415870666503906,150.0,114.08543110545773,53.871853341813406,5.379520040914176,15.636940704219171,748.8831408694675
59.14366149902344,150.0,113.94644346246011,54.080334806309835,5.559787823601876,10.424073224821484,700.6419585473318
60.81263613700867,150.0,113.73797307430712,54.39304038853932,5.74109795823034,15.635279111474176,757.6941745824383
62.493701457977295,150.0,113.56425790254212,54.653613146186814,5.923276668717629,13.028637882374738,736.0552769727917
64.15522336959839,150.0,113.42529240881827,54.8620613867726,6.106150206673538,10.422412029289418,713.9062362273556
65.81506752967834,150.0,113.25159384503787,55.12260923244319,6.289892237448349,13.027392283529338,744.3989375342087
67.56880831718445,150.0,113.07790450585759,55.38314324121362,6.474502714919061,13.026700438521388,748.8434639465407
69.2643473148346,150.0,112.93895967523795,55.59156048714307,6.659807916542872,10.420862296472677,726.7223070015862
71.00393581390381,150.0,112.73055349541953,55.90416975687071,6.846155149065774,15.630463486381885,783.8078839231837
72.67376065254211,150.0,112.59162341851831,56.112564872222535,7.033197031973183,10.419755767591354,735.6551767178706
74.37456250190735,150.0,112.45269924178824,56.32095113731764,7.2209335357642415,10.41931325475538,739.6119792783726
76.04010653495789,150.0,112.31378096447797,56.529328553283044,7.409364630941852,10.418870798270063,743.5756398249496
77.73006391525269,150.0,112.14014141275472,56.78978788086793,7.598663923878078,13.022966379244139,774.1141818399014
79.44896507263184,150.0,112.00123640639144,56.99814539041284,7.788657741846121,10.41787547724553,752.0467860950448
81.12016606330872,150.0,111.93178611462385,57.10232082806423,7.9789988112730015,5.208771882569607,702.9009152190685
82.84413552284241,150.0,111.79288995344623,57.31066506983065,8.17003436150577,10.417212088320937,758.9791151965735
84.56727910041809,150.0,111.61927804292775,57.57108293560838,8.361937971291132,13.020893288886626,789.5391419578614
86.25948572158813,150.0,111.54983585782709,57.67524621325936,8.554188792001996,5.208163882549144,714.3759888781051
88.49241590499878,150.0,111.41095590843526,57.88356613734712,8.74713401245982,10.415996204387667,770.4669635419461
90.51887536048889,150.0,111.30679981423081,58.03980027865378,8.940600013388666,7.811707065333096,747.9210735737554
92.19033718109131,150.0,111.20264703496504,58.19602944755244,9.13458677821384,7.811458444933095,751.4207467069937
93.86766791343689,150.0,111.16793017847483,58.24810473228775,9.328747127321467,2.603764236765471,701.806160963747
95.59807252883911,150.0,111.02906643519337,58.45640034720994,9.5236017951455,10.414780746109642,783.9478288846509
97.25613856315613,150.0,110.92492249421754,58.61261625867369,9.718977182674413,7.810795573187335,761.4238901453543
98.94681310653687,150.0,110.82078186702051,58.76882719946923,9.91487327333931,7.810547039776949,764.9424751258549
100.64133596420288,150.0,110.78606906096205,58.820896408556926,10.1109429280345,2.603460454384887,715.3529979097631
102.31358790397644,150.0,110.68193285164463,58.97710072253305,10.307533263776277,7.810215698806289,770.9484968511562
104.0117175579071,150.0,110.5777999553678,59.13330006694831,10.504644263999438,7.809967220762815,774.4791155171056
105.7177221775055,150.0,110.4736703718158,59.2894944422763,10.70227591214036,7.809718766399598,778.0148912081626
107.39692783355713,150.0,110.4736703718158,59.2894944422763,10.899907560281282,0.0,701.8940200255759
109.08081555366516,150.0,110.33483607966022,59.49774588050967,11.09823337988298,10.412571911668422,810.0855117206107
110.78487944602966,150.0,110.30012842664667,59.54980736003,11.296732737749748,2.6030739760166455,734.496140737964
112.46817564964294,150.0,110.1960076754813,59.705988486778054,11.495752699372341,7.809056337402609,790.1079752355301
114.15618324279785,150.0,110.12659568114942,59.81010647827586,11.695119720966593,5.205899574890438,767.1112577413289
115.85972166061401,150.0,110.16130149434531,59.758047758482036,11.894313213494867,-2.602935989691346,690.4942498228556
117.52096605300903,150.0,110.05718515853067,59.91422226220399,12.094027287702213,7.808725186097831,798.1697473600404
119.22737050056458,150.0,110.02248044908453,59.96627932637321,12.29391488545679,2.6028532084609424,748.6304742029095
120.9556667804718,150.0,109.95307213386009,60.070391799209865,12.49414952478749,5.205623641832702,777.7016496583007
122.62747097015381,150.0,109.98777610753154,60.01833583870268,12.694210644249832,-2.602798025359121,701.097484575934
124.330561876297,150.0,109.91836852805854,60.122447207912195,12.894618801609539,5.205568460475618,782.2263446999734
126.05314540863037,150.0,109.84896242001852,60.226556369972215,13.095373989509447,5.205458103000993,785.2738846248265
127.77986121177673,150.0,109.84896242001852,60.226556369972215,13.296129177409355,0.0,735.2268554738157
129.5243992805481,150.0,109.81425991775605,60.27861012336593,13.497057877820575,2.6026876696857215,763.7835567087222
131.40896368026733,150.0,109.7795577833169,60.330663325024645,13.698160088903991,2.6026600829357704,766.314834968644
133.26963758468628,150.0,109.7795577833169,60.330663325024645,13.899262299987408,0.0,742.2992562501206
135.97694182395935,150.0,109.6407529235567,60.538870614664944,14.101058535369624,10.410364482014955,850.5029363204951
138.95244646072388,150.0,109.84896242001852,60.226556369972215,14.301813723269532,-15.615712234636447,589.126578586053
141.31618666648865,150.0,109.60605262805736,60.59092105791397,14.503783460129245,18.218234397087585,933.129389151308
142.98320269584656,150.0,109.6407529235567,60.538870614664944,14.705579695511462,-2.6025221624511374,726.4192814772526
144.67506504058838,150.0,109.67545358682042,60.48681961976936,14.90720242757736,-2.602549744779026,727.914723025677
146.5871937274933,150.0,109.60605262805736,60.59092105791397,15.109172164437073,5.205071907230163,809.051651295812
148.5030779838562,150.0,109.60605262805736,60.59092105791397,15.311141901296786,0.0,759.0206295921075
150.23021149635315,150.0,109.60605262805736,60.59092105791397,15.513111638156499,0.0,761.0403269607046
152.27070713043213,150.0,109.60605262805736,60.59092105791397,15.715081375016211,0.0,763.0600243293018
154.198659658432,150.0,109.57135270031077,60.64297094953385,15.917224611514659,2.602494580994019,791.6269014204252
156.15000462532043,150.0,109.57135270031077,60.64297094953385,16.119367848013106,0.0,767.6233879754695
157.8238286972046,150.0,109.57135270031077,60.64297094953385,16.321511084511553,0.0,769.6448203404541
159.67681574821472,150.0,109.57135270031077,60.64297094953385,16.52365432101,0.0,771.6662527054384
161.38744044303894,150.0,109.60605262805736,60.59092105791397,16.725624057869712,-2.602494580994019,747.1405053478966
163.15389752388,150.0,109.57135270031077,60.64297094953385,16.92776729436816,2.602494580994019,801.7323282489604
164.82864928245544,150.0,109.57135270031077,60.64297094953385,17.129910530866606,0.0,777.7288148040045
166.55552792549133,150.0,109.60605262805736,60.59092105791397,17.33188026772632,-2.602494580994019,753.2030674464626
168.297287940979,150.0,109.60605262805736,60.59092105791397,17.533850004586032,0.0,781.2477106250001
170.02116179466248,150.0,109.57135270031077,60.64297094953385,17.73599324108448,2.602494580994019,809.8145877161234
171.75496625900269,150.0,109.60605262805736,60.59092105791397,17.937962977944192,-2.602494580994019,759.2638945486414
174.70177602767944,150.0,109.60605262805736,60.59092105791397,18.139932714803905,0.0,787.3085377271786
1.6842536926269531,150.0,109.67545358682042,60.48681961976936,0.20162273206589787,3024.340980988468,3000
3.3514602184295654,150.0,116.4838985875015,50.27415211874775,0.36920323912839037,-510.63337505108063,0
5.044996976852417,150.0,121.2512991443418,43.1230512834873,0.5129467434066813,-357.55504176302253,0
7.032268285751343,150.0,122.22651602344156,41.66022596483766,0.6518141632894735,-73.14126593248211,0
8.986776351928711,150.0,121.80853023196427,42.287204652053596,0.7927715121296521,31.34893436079693,1116.4336578747027
10.753233671188354,150.0,121.87819081103366,42.18271378344951,0.9333805580744838,-5.22454343020442,568.3732636697936
12.732292413711548,150.0,121.77370050027854,42.339449249582195,1.0745120555730912,7.83677330663437,768.7610191768448
14.542429685592651,150.0,121.42542363504796,42.861864547428056,1.2173849373978514,26.120764892293025,1053.000215656784
16.34209108352661,150.0,121.63438529225141,42.54842206162289,1.3592130109365943,-15.672124290258438,423.5326617345156
18.181437969207764,150.0,121.39059799342564,42.914103009861535,1.502260020969466,18.28404741193239,940.5061566414508
19.984764575958252,150.0,121.18165195007695,43.22752207488457,1.6463517612190812,15.670953251151687,908.17240630883
22.47059941291809,150.0,121.39059799342564,42.914103009861535,1.789398771251953,-15.670953251151687,435.488227949427
24.139888525009155,150.0,121.14682891047228,43.27975663429158,1.9336646266995916,18.282681221502273,952.4415372374016
25.812612056732178,150.0,121.04236202162497,43.43645696756255,2.078452816591467,7.835016663548444,800.2488967155368
27.499316215515137,150.0,121.07718394625792,43.38422408061312,2.2230668968601774,-2.611644347471298,644.9346994500299
29.170087575912476,150.0,120.8682579727234,43.6976130409149,2.3687256069965605,15.66944801508896,926.0367999450064
31.198171615600586,150.0,120.8682579727234,43.6976130409149,2.5143843171329436,0.0,693.1799603707177
33.00134539604187,150.0,120.76380000236546,43.854299996451815,2.6605653171211165,7.834347776845618,815.2381963562783
34.80335569381714,150.0,120.62452791003611,44.06320813494584,2.8074426775709362,10.445406924701217,859.7408660582698
36.60468506813049,150.0,120.58971081571028,44.115433776434585,2.9544941234923847,2.6112820744373266,745.2181496154644
38.443732023239136,150.0,120.48526176155802,44.27210735766297,3.102067814684595,7.833679061419119,828.1178135065002
40.27284550666809,150.0,120.415630916026,44.376553625960995,3.2499896601044647,5.222313414901336,792.7328505145019
42.079909324645996,150.0,120.34600155617123,44.48099766574315,3.3982596523236084,5.222201989107944,796.5218896076206
43.99090933799744,150.0,120.20674729311423,44.68987906032865,3.547225915858037,10.44406972927483,880.2176205819227
45.72338080406189,150.0,120.20674729311423,44.68987906032865,3.6961921793924657,0.0,725.7910685958168
47.4148268699646,150.0,120.13712238972165,44.79431641541752,3.8455065674438575,5.2218677544434655,807.9253610595727
49.08772683143616,150.0,119.99787703873368,45.003184441899485,3.995517182250189,10.44340132409829,891.6315442237194
50.763800382614136,150.0,119.9630666292083,45.05540005618755,4.145701849104148,2.6107807144033046,777.1782392954251
52.44670224189758,150.0,119.9630666292083,45.05540005618755,4.295886515958106,0.0,740.2692985821848
54.15782117843628,150.0,119.82382870363733,45.264256944544,4.446767372439919,10.442844417822528,902.3080310220968
55.8357515335083,150.0,119.78902015031828,45.31646977452258,4.597822271688328,2.610641498928956,787.874003177098
57.51763606071472,150.0,119.75421196820413,45.3686820476938,4.749051211847307,2.6106136585610784,790.9252037715329
59.24806880950928,150.0,119.68459671754515,45.47310492368228,4.900628228259581,5.2211437994238,833.9231542704849
60.93409585952759,150.0,119.61498295156578,45.57752557265133,5.052553313501752,5.221032448452689,837.7666700190866
62.620301485061646,150.0,119.61498295156578,45.57752557265133,5.204478398743923,0.0,761.7300595709288
64.34897112846375,150.0,119.40615056075609,45.89077415886587,5.357447645940143,15.662429310726722,1003.659766732991
66.07312226295471,150.0,119.47575987326624,45.78636019010064,5.5100688465738115,-5.220698438261451,691.135958976195
67.75631260871887,150.0,119.51056508616348,45.73415237075478,5.662516021142994,-2.610390967292986,731.7941613690717
69.47997212409973,150.0,119.33654273254557,45.99518590118165,5.815833307480267,13.05167652134358,972.9404359500825
71.16496276855469,150.0,119.44095503146767,45.8385674527985,5.968628532322929,-7.83092241915746,659.6441034894596
72.87809538841248,150.0,119.40615056075609,45.89077415886587,6.121597779519148,2.6103353033683163,819.3406086263
74.63314485549927,150.0,119.30173937502295,46.04739093746558,6.275089082644033,7.830838929985617,902.2997842514284
76.32614994049072,150.0,119.33654273254557,45.99518590118165,6.428406368981306,-2.6102518141964737,747.2001068394973
78.02085423469543,150.0,119.33654273254557,45.99518590118165,6.581723655318578,0.0,788.6536433475034
79.76554131507874,150.0,119.16252965520748,46.25620551718878,6.7359110070425405,13.050980800356626,990.6464598688192
81.46937084197998,150.0,118.4665700789958,47.3001448815063,6.893578156647561,52.19696821587583,1595.8603688104454
83.28064489364624,150.0,119.26693638853966,46.09959541719051,7.047243474704863,-60.027473215789584,0
85.03016924858093,150.0,119.78902015031828,45.31646977452258,7.198298373953271,-39.1562821333963,200.37729022619322
86.70287990570068,150.0,119.19733152864413,46.20400270703381,7.352311716310051,44.37664662556138,1468.9944157335785
88.38435816764832,150.0,119.92825659094792,45.10761511357811,7.502670433355311,-54.81937967278476,0
90.11435127258301,150.0,120.20674729311423,44.68987906032865,7.65163669688974,-20.88680266247316,471.82069642117847
91.79565262794495,150.0,119.71940415728363,45.42089376407455,7.803039676103322,36.55073518729495,1346.6200294120922
93.46435213088989,150.0,120.20674729311423,44.68987906032865,7.9520059396377505,-36.55073518729495,241.3672471900718
95.19966530799866,150.0,120.34600155617123,44.48099766574315,8.100275931856894,-10.44406972927483,632.0580580248783
96.95645189285278,150.0,119.92825659094792,45.10761511357811,8.250634648902155,31.330872391747988,1270.3368323134239
98.93834185600281,150.0,120.55489409286307,44.1676588607054,8.39786017843784,-46.997812643635584,83.51559593261484
100.85707235336304,150.0,120.58971081571028,44.115433776434585,8.544911624359289,-2.6112542135408034,750.736367808796
102.64195013046265,150.0,120.20674729311423,44.68987906032865,8.693877887893718,28.72226419470323,1231.590317143884
104.42542862892151,150.0,120.72898142200565,43.90652786699153,8.84023298078369,-39.16755966685592,203.68801771378946
106.21820187568665,150.0,120.72898142200565,43.90652786699153,8.98658807367366,0.0,793.3967391099778
108.03300309181213,150.0,120.38081605039477,44.428775924407844,9.134683993421687,26.112402870815643,1195.1379418296776
109.8355028629303,150.0,120.90307803930793,43.64538294103811,9.280168603225148,-39.16964916848684,206.3385356366462
111.62516713142395,150.0,120.83343827771289,43.74984258343067,9.426001411836584,5.222982119628128,875.9823917234307
113.41305732727051,150.0,120.62452791003611,44.06320813494584,9.572878772286403,15.668277575758438,1039.5654672448602
115.21233367919922,150.0,120.90307803930793,43.64538294103811,9.718363382089864,-20.891259695386566,487.087299416121
117.17613410949707,150.0,120.72898142200565,43.90652786699153,9.864718474979835,13.057246297671199,1002.4273895946384
119.01370620727539,150.0,120.76380000236546,43.854299996451815,10.010899474968008,-2.61139352698585,768.8070891665095
120.8198459148407,150.0,120.76380000236546,43.854299996451815,10.157080474956182,0.0,810.17070707112
122.60333609580994,150.0,120.72898142200565,43.90652786699153,10.303435567846153,2.61139352698585,852.320354427353
124.40735697746277,150.0,120.76380000236546,43.854299996451815,10.449616567834326,-2.61139352698585,775.3878455595044
126.21115040779114,150.0,120.72898142200565,43.90652786699153,10.595971660724297,2.61139352698585,856.7083958205252
128.03496503829956,150.0,120.69416321317179,43.95875518024231,10.742500844658439,2.6113656625391,859.6893253115977
129.80195021629333,150.0,119.9630666292083,45.05540005618755,10.892685511512397,54.83224379726188,1661.7049404744275
131.63593697547913,150.0,120.72898142200565,43.90652786699153,11.039040604402368,-57.44360945980098,0
